Class,precision,recall,f1-score,support
0,0.998554499,1,0.999276727,355072
1,1,0.051044776,0.088853047,536
accuracy,0.998554588,0.998554588,0.998554588,0.998554588
macro avg,0.999277249,0.650522388,0.639064887,355608
weighted avg,0.998556678,0.998554588,0.997889393,355608
